product,visit
Electronics,https://www.ebay.com/b/Electronics/bn_7000259124
Motors,https://www.ebay.com/b/Auto-Parts-Accessories/6028/bn_569479
Fashion,https://www.ebay.com/b/Fashion/bn_7000259856
Collectibles and Art,https://www.ebay.com/b/Collectibles-Art/bn_7000259855
Sports,https://www.ebay.com/b/Sporting-Goods/888/bn_1865031
Health & Beauty,https://www.ebay.com/b/Health-Beauty/26395/bn_1865479
Industrial equipment,https://www.ebay.com/b/Business-Industrial/12576/bn_1853744
Home & Garden,https://www.ebay.com/b/Home-Garden/11700/bn_1853126
Deals,https://www.ebay.com/globaldeals
Sell,https://export.ebay.com/en/
Electronics,https://www.ebay.com/b/Electronics/bn_7000259124
